<?xml version="1.0"?>
<Map>
	<MapMeta Creator="**Invalid**"/>
	<Object Hash="-583599145" Position_x="-806.0390625" Position_y="-1227.1555175781" Position_z="43.275882720947" Rotation_x="0.0" Rotation_y="0.0" Rotation_z="0.41031178832054" Collision="true" Visible="true"/>
	<Object Hash="-583599145" Position_x="-807.99688720703" Position_y="-1210.5562744141" Position_z="43.236515045166" Rotation_x="0.0" Rotation_y="0.0" Rotation_z="-90.589309692383" Collision="true" Visible="true"/>
	<Object Hash="-583599145" Position_x="-808.00457763672" Position_y="-1215.4317626953" Position_z="42.394207000732" Rotation_x="0.0" Rotation_y="0.0" Rotation_z="-90.589309692383" Collision="true" Visible="true"/>
	<Object Hash="-583599145" Position_x="-807.95538330078" Position_y="-1224.220703125" Position_z="43.272869110107" Rotation_x="0.0" Rotation_y="0.0" Rotation_z="-91.589385986328" Collision="true" Visible="true"/>
	<Object Hash="-583599145" Position_x="-806.48889160156" Position_y="-1206.4390869141" Position_z="43.223140716553" Rotation_x="0.0" Rotation_y="0.0" Rotation_z="178.41116333008" Collision="true" Visible="true"/>
	<Object Hash="-583599145" Position_x="-802.30157470703" Position_y="-1227.1170654297" Position_z="42.439968109131" Rotation_x="0.0" Rotation_y="0.0" Rotation_z="0.41031190752983" Collision="true" Visible="true"/>
	<Object Hash="-583599145" Position_x="-808.00933837891" Position_y="-1214.2205810547" Position_z="43.253562927246" Rotation_x="0.0" Rotation_y="0.0" Rotation_z="-90.589309692383" Collision="true" Visible="true"/>
	<Object Hash="-583599145" Position_x="-807.95538330078" Position_y="-1222.9794921875" Position_z="42.394207000732" Rotation_x="0.0" Rotation_y="0.0" Rotation_z="-91.589385986328" Collision="true" Visible="true"/>
	<Object Hash="-583599145" Position_x="-808.00439453125" Position_y="-1208.1739501953" Position_z="42.394207000732" Rotation_x="0.0" Rotation_y="0.0" Rotation_z="-90.589309692383" Collision="true" Visible="true"/>
	<Object Hash="-583599145" Position_x="-807.56994628906" Position_y="-1206.3995361328" Position_z="43.223140716553" Rotation_x="0.0" Rotation_y="0.0" Rotation_z="178.41116333008" Collision="true" Visible="true"/>
	<Object Hash="-583599145" Position_x="-808.00939941406" Position_y="-1219.2254638672" Position_z="43.235198974609" Rotation_x="0.0" Rotation_y="0.0" Rotation_z="-90.589317321777" Collision="true" Visible="true"/>
	<Object Hash="-583599145" Position_x="-808.00939941406" Position_y="-1219.2254638672" Position_z="42.394207000732" Rotation_x="0.0" Rotation_y="0.0" Rotation_z="-90.589324951172" Collision="true" Visible="true"/>
	<Object Hash="-583599145" Position_x="-807.95538330078" Position_y="-1224.220703125" Position_z="42.394207000732" Rotation_x="0.0" Rotation_y="0.0" Rotation_z="-91.589385986328" Collision="true" Visible="true"/>
	<Object Hash="-583599145" Position_x="-807.97937011719" Position_y="-1220.3869628906" Position_z="43.241683959961" Rotation_x="0.0" Rotation_y="0.0" Rotation_z="-90.589324951172" Collision="true" Visible="true"/>
	<Object Hash="-583599145" Position_x="-807.95538330078" Position_y="-1221.6982421875" Position_z="42.394207000732" Rotation_x="0.0" Rotation_y="0.0" Rotation_z="-91.589385986328" Collision="true" Visible="true"/>
	<Object Hash="-583599145" Position_x="-807.97937011719" Position_y="-1220.3869628906" Position_z="42.394207000732" Rotation_x="0.0" Rotation_y="0.0" Rotation_z="-90.589332580566" Collision="true" Visible="true"/>
	<Object Hash="-583599145" Position_x="-806.0390625" Position_y="-1227.1555175781" Position_z="42.394207000732" Rotation_x="0.0" Rotation_y="0.0" Rotation_z="0.41031181812286" Collision="true" Visible="true"/>
	<Object Hash="-583599145" Position_x="-804.72393798828" Position_y="-1227.1616210938" Position_z="42.394207000732" Rotation_x="0.0" Rotation_y="0.0" Rotation_z="0.41031184792518" Collision="true" Visible="true"/>
	<Object Hash="-583599145" Position_x="-808.01910400391" Position_y="-1216.6229248047" Position_z="43.279899597168" Rotation_x="0.0" Rotation_y="0.0" Rotation_z="-90.589309692383" Collision="true" Visible="true"/>
	<Object Hash="-583599145" Position_x="-807.97613525391" Position_y="-1225.5828857422" Position_z="42.394207000732" Rotation_x="0.0" Rotation_y="0.0" Rotation_z="-91.589393615723" Collision="true" Visible="true"/>
	<Object Hash="-583599145" Position_x="-807.1416015625" Position_y="-1227.1687011719" Position_z="42.394207000732" Rotation_x="0.0" Rotation_y="0.0" Rotation_z="0.41031178832054" Collision="true" Visible="true"/>
	<Object Hash="-583599145" Position_x="-807.95538330078" Position_y="-1222.9794921875" Position_z="43.265979766846" Rotation_x="0.0" Rotation_y="0.0" Rotation_z="-91.589385986328" Collision="true" Visible="true"/>
	<Object Hash="-583599145" Position_x="-808.00457763672" Position_y="-1215.4317626953" Position_z="43.275726318359" Rotation_x="0.0" Rotation_y="0.0" Rotation_z="-90.589309692383" Collision="true" Visible="true"/>
	<Object Hash="-583599145" Position_x="-803.53277587891" Position_y="-1227.1470947266" Position_z="43.284061431885" Rotation_x="0.0" Rotation_y="0.0" Rotation_z="0.41031184792518" Collision="true" Visible="true"/>
	<Object Hash="-583599145" Position_x="-807.99688720703" Position_y="-1212.8885498047" Position_z="43.239395141602" Rotation_x="0.0" Rotation_y="0.0" Rotation_z="-90.589309692383" Collision="true" Visible="true"/>
	<Object Hash="-583599145" Position_x="-808.00512695313" Position_y="-1217.9342041016" Position_z="43.249450683594" Rotation_x="0.0" Rotation_y="0.0" Rotation_z="-90.589309692383" Collision="true" Visible="true"/>
	<Object Hash="-583599145" Position_x="-808.00512695313" Position_y="-1217.9342041016" Position_z="42.394207000732" Rotation_x="0.0" Rotation_y="0.0" Rotation_z="-90.589317321777" Collision="true" Visible="true"/>
	<Object Hash="-583599145" Position_x="-808.01910400391" Position_y="-1216.6229248047" Position_z="42.394207000732" Rotation_x="0.0" Rotation_y="0.0" Rotation_z="-90.589309692383" Collision="true" Visible="true"/>
	<Object Hash="-583599145" Position_x="-808.00439453125" Position_y="-1208.1739501953" Position_z="43.197360992432" Rotation_x="0.0" Rotation_y="0.0" Rotation_z="-90.589309692383" Collision="true" Visible="true"/>
	<Object Hash="-583599145" Position_x="-804.77398681641" Position_y="-1227.1773681641" Position_z="40.319877624512" Rotation_x="0.0" Rotation_y="0.0" Rotation_z="0.41031184792518" Collision="true" Visible="true"/>
	<Object Hash="-583599145" Position_x="-807.99688720703" Position_y="-1212.8885498047" Position_z="42.394207000732" Rotation_x="0.0" Rotation_y="0.0" Rotation_z="-90.589309692383" Collision="true" Visible="true"/>
	<Object Hash="-583599145" Position_x="-807.99688720703" Position_y="-1211.7274169922" Position_z="42.394207000732" Rotation_x="0.0" Rotation_y="0.0" Rotation_z="-90.589309692383" Collision="true" Visible="true"/>
	<Object Hash="-583599145" Position_x="-804.10510253906" Position_y="-1206.4110107422" Position_z="42.394207000732" Rotation_x="0.0" Rotation_y="0.0" Rotation_z="178.41116333008" Collision="true" Visible="true"/>
	<Object Hash="-583599145" Position_x="-807.99688720703" Position_y="-1211.7274169922" Position_z="43.238861083984" Rotation_x="0.0" Rotation_y="0.0" Rotation_z="-90.589309692383" Collision="true" Visible="true"/>
	<Object Hash="-583599145" Position_x="-804.72393798828" Position_y="-1227.1616210938" Position_z="43.282249450684" Rotation_x="0.0" Rotation_y="0.0" Rotation_z="0.41031181812286" Collision="true" Visible="true"/>
	<Object Hash="-583599145" Position_x="-808.00439453125" Position_y="-1209.3250732422" Position_z="42.394207000732" Rotation_x="0.0" Rotation_y="0.0" Rotation_z="-90.589309692383" Collision="true" Visible="true"/>
	<Object Hash="-583599145" Position_x="-808.01068115234" Position_y="-1206.982421875" Position_z="42.394207000732" Rotation_x="0.0" Rotation_y="0.0" Rotation_z="-90.589309692383" Collision="true" Visible="true"/>
	<Object Hash="-583599145" Position_x="-805.36633300781" Position_y="-1206.4263916016" Position_z="43.214645385742" Rotation_x="0.0" Rotation_y="0.0" Rotation_z="178.41116333008" Collision="true" Visible="true"/>
	<Object Hash="-583599145" Position_x="-807.98858642578" Position_y="-1226.6966552734" Position_z="42.394207000732" Rotation_x="0.0" Rotation_y="0.0" Rotation_z="-91.589401245117" Collision="true" Visible="true"/>
	<Object Hash="-583599145" Position_x="-805.36633300781" Position_y="-1206.4263916016" Position_z="42.394207000732" Rotation_x="0.0" Rotation_y="0.0" Rotation_z="178.41116333008" Collision="true" Visible="true"/>
	<Object Hash="-583599145" Position_x="-804.10510253906" Position_y="-1206.4110107422" Position_z="43.216941833496" Rotation_x="0.0" Rotation_y="0.0" Rotation_z="178.41116333008" Collision="true" Visible="true"/>
	<Object Hash="-583599145" Position_x="-803.53277587891" Position_y="-1227.1470947266" Position_z="42.41556930542" Rotation_x="0.0" Rotation_y="0.0" Rotation_z="0.4103118777275" Collision="true" Visible="true"/>
	<Object Hash="-583599145" Position_x="-807.95538330078" Position_y="-1221.6982421875" Position_z="43.246696472168" Rotation_x="0.0" Rotation_y="0.0" Rotation_z="-91.589385986328" Collision="true" Visible="true"/>
	<Object Hash="-583599145" Position_x="-808.03448486328" Position_y="-1211.1668701172" Position_z="41.614692687988" Rotation_x="0.0" Rotation_y="0.0" Rotation_z="-90.589309692383" Collision="true" Visible="true"/>
	<Object Hash="-583599145" Position_x="-807.99688720703" Position_y="-1210.5562744141" Position_z="42.394207000732" Rotation_x="0.0" Rotation_y="0.0" Rotation_z="-90.589309692383" Collision="true" Visible="true"/>
	<Object Hash="-583599145" Position_x="-808.01068115234" Position_y="-1206.982421875" Position_z="43.210037231445" Rotation_x="0.0" Rotation_y="0.0" Rotation_z="-90.589309692383" Collision="true" Visible="true"/>
	<Object Hash="-583599145" Position_x="-807.96893310547" Position_y="-1225.5749511719" Position_z="43.272968292236" Rotation_x="0.0" Rotation_y="0.0" Rotation_z="-91.589385986328" Collision="true" Visible="true"/>
	<Object Hash="-583599145" Position_x="-806.48889160156" Position_y="-1206.4390869141" Position_z="42.394207000732" Rotation_x="0.0" Rotation_y="0.0" Rotation_z="178.41117858887" Collision="true" Visible="true"/>
	<Object Hash="-583599145" Position_x="-808.01049804688" Position_y="-1212.4781494141" Position_z="41.614692687988" Rotation_x="0.0" Rotation_y="0.0" Rotation_z="-90.589309692383" Collision="true" Visible="true"/>
	<Object Hash="-583599145" Position_x="-807.53991699219" Position_y="-1206.4519042969" Position_z="42.394207000732" Rotation_x="0.0" Rotation_y="0.0" Rotation_z="178.41119384766" Collision="true" Visible="true"/>
	<Object Hash="-583599145" Position_x="-802.30157470703" Position_y="-1227.1170654297" Position_z="43.301021575928" Rotation_x="0.0" Rotation_y="0.0" Rotation_z="0.4103118777275" Collision="true" Visible="true"/>
	<Object Hash="-583599145" Position_x="-807.97857666016" Position_y="-1226.6967773438" Position_z="43.251197814941" Rotation_x="0.0" Rotation_y="0.0" Rotation_z="-91.589393615723" Collision="true" Visible="true"/>
	<Object Hash="-583599145" Position_x="-808.00933837891" Position_y="-1214.2205810547" Position_z="42.394207000732" Rotation_x="0.0" Rotation_y="0.0" Rotation_z="-90.589309692383" Collision="true" Visible="true"/>
	<Object Hash="-583599145" Position_x="-808.00439453125" Position_y="-1209.3250732422" Position_z="43.211944580078" Rotation_x="0.0" Rotation_y="0.0" Rotation_z="-90.589309692383" Collision="true" Visible="true"/>
	<Object Hash="-583599145" Position_x="-807.1416015625" Position_y="-1227.1687011719" Position_z="43.250732421875" Rotation_x="0.0" Rotation_y="0.0" Rotation_z="0.41031175851821" Collision="true" Visible="true"/>
</Map>